host,brand,platform,device_category,operating_system,sessions,users
jetbahis805.com,jetbahis,WEB,mobile,Android,7590,2678
jetbahis822.com,jetbahis,WEB,mobile,Android,6243,1682
jetbahis820.com,jetbahis,WEB,mobile,Android,5871,1705
jetbahis812.com,jetbahis,WEB,mobile,Android,5206,1670
jetbahis824.com,jetbahis,WEB,mobile,Android,5030,1596
jetbahis803.com,jetbahis,WEB,mobile,Android,5007,2089
jetbahis805.com,jetbahis,WEB,mobile,iOS,4874,1391
jetbahis808.com,jetbahis,WEB,mobile,Android,4807,1721
jetbahis822.com,jetbahis,WEB,mobile,iOS,3833,979
jetbahis814.com,jetbahis,WEB,mobile,Android,3764,1316
jetbahis820.com,jetbahis,WEB,mobile,iOS,3715,988
jetbahis812.com,jetbahis,WEB,mobile,iOS,3605,1024
jetbahis804.com,jetbahis,WEB,mobile,Android,3533,1570
jetbahis808.com,jetbahis,WEB,mobile,iOS,3304,1035
jetbahis824.com,jetbahis,WEB,mobile,iOS,3073,897
jetbahis803.com,jetbahis,WEB,mobile,iOS,2782,1093
jetbahis823.com,jetbahis,WEB,mobile,Android,2766,1052
jetbahis814.com,jetbahis,WEB,mobile,iOS,2631,822
jetbahis816.com,jetbahis,WEB,mobile,Android,2368,925
jetbahis815.com,jetbahis,WEB,mobile,Android,2313,982
jetbahis804.com,jetbahis,WEB,mobile,iOS,2154,848
jetbahis810.com,jetbahis,WEB,mobile,Android,1904,890
jetbahis802.com,jetbahis,WEB,mobile,Android,1901,1214
jetbahis813.com,jetbahis,WEB,mobile,Android,1771,857
jetbahis821.com,jetbahis,WEB,mobile,Android,1757,763
jetbahis819.com,jetbahis,WEB,mobile,Android,1753,819
jetbahis825.com,jetbahis,WEB,mobile,Android,1737,892
jetbahis823.com,jetbahis,WEB,mobile,iOS,1677,607
jetbahis816.com,jetbahis,WEB,mobile,iOS,1610,586
jetbahis815.com,jetbahis,WEB,mobile,iOS,1593,613
jetbahis817.com,jetbahis,WEB,mobile,Android,1523,737
jetbahis806.com,jetbahis,WEB,mobile,Android,1414,823
jetbahis811.com,jetbahis,WEB,mobile,Android,1390,740
jetbahis813.com,jetbahis,WEB,mobile,iOS,1295,571
jetbahis810.com,jetbahis,WEB,mobile,iOS,1274,546
jetbahis807.com,jetbahis,WEB,mobile,Android,1272,731
jetbahis818.com,jetbahis,WEB,mobile,Android,1156,587
jetbahis819.com,jetbahis,WEB,mobile,iOS,1130,495
jetbahis826.com,jetbahis,WEB,mobile,Android,1111,662
jetbahis825.com,jetbahis,WEB,mobile,iOS,1062,510
jetbahis817.com,jetbahis,WEB,mobile,iOS,1059,472
jetbahis821.com,jetbahis,WEB,mobile,iOS,1039,449
jetbahis809.com,jetbahis,WEB,mobile,Android,1023,680
jetbahis802.com,jetbahis,WEB,mobile,iOS,993,653
jetbahis807.com,jetbahis,WEB,mobile,iOS,945,502
jetbahis811.com,jetbahis,WEB,mobile,iOS,929,468
jetbahis806.com,jetbahis,WEB,mobile,iOS,918,521
jetbahis826.com,jetbahis,WEB,mobile,iOS,737,406
jetbahis818.com,jetbahis,WEB,mobile,iOS,728,372
jetbahis809.com,jetbahis,WEB,mobile,iOS,715,473
jetbahis805.com,jetbahis,WEB,desktop,Windows,535,236
jetbahis820.com,jetbahis,WEB,desktop,Windows,468,194
jetbahis822.com,jetbahis,WEB,desktop,Windows,445,165
jetbahis812.com,jetbahis,WEB,desktop,Windows,420,205
jetbahis808.com,jetbahis,WEB,desktop,Windows,398,188
jetbahis824.com,jetbahis,WEB,desktop,Windows,310,142
jetbahis814.com,jetbahis,WEB,desktop,Windows,308,154
jetbahis803.com,jetbahis,WEB,desktop,Windows,298,180
jetbahis804.com,jetbahis,WEB,desktop,Windows,264,144
jetbahis815.com,jetbahis,WEB,desktop,Windows,219,120
jetbahis816.com,jetbahis,WEB,desktop,Windows,219,115
jetbahis823.com,jetbahis,WEB,desktop,Windows,207,118
jetbahis813.com,jetbahis,WEB,desktop,Windows,165,97
jetbahis810.com,jetbahis,WEB,desktop,Windows,160,95
jetbahis819.com,jetbahis,WEB,desktop,Windows,156,102
jetbahis821.com,jetbahis,WEB,desktop,Windows,154,88
jetbahis825.com,jetbahis,WEB,desktop,Windows,133,89
jetbahis817.com,jetbahis,WEB,desktop,Windows,125,80
jetbahis811.com,jetbahis,WEB,desktop,Windows,124,87
jetbahis806.com,jetbahis,WEB,desktop,Windows,108,76
jetbahis807.com,jetbahis,WEB,desktop,Windows,106,70
jetbahis820.com,jetbahis,WEB,desktop,Macintosh,93,30
jetbahis826.com,jetbahis,WEB,desktop,Windows,92,65
jetbahis802.com,jetbahis,WEB,desktop,Windows,91,71
jetbahis809.com,jetbahis,WEB,desktop,Windows,85,66
jetbahis827.com,jetbahis,WEB,mobile,Android,69,65
jetbahis812.com,jetbahis,WEB,desktop,Macintosh,66,21
jetbahis822.com,jetbahis,WEB,desktop,Macintosh,66,30
jetbahis805.com,jetbahis,WEB,desktop,Macintosh,66,27
jetbahis818.com,jetbahis,WEB,desktop,Windows,65,42
jetbahis808.com,jetbahis,WEB,desktop,Macintosh,62,30
jetbahis824.com,jetbahis,WEB,desktop,Macintosh,55,24
jetbahis803.com,jetbahis,WEB,desktop,Macintosh,47,27
jetbahis804.com,jetbahis,WEB,desktop,Macintosh,36,16
jetbahis827.com,jetbahis,WEB,mobile,iOS,35,34
jetbahis814.com,jetbahis,WEB,desktop,Macintosh,34,20
jetbahis822.com,jetbahis,WEB,tablet,Android,34,17
jetbahis805.com,jetbahis,WEB,tablet,Android,31,16
jetbahis823.com,jetbahis,WEB,desktop,Macintosh,29,16
jetbahis810.com,jetbahis,WEB,desktop,Macintosh,24,14
jetbahis820.com,jetbahis,WEB,tablet,Android,23,5
jetbahis815.com,jetbahis,WEB,desktop,Macintosh,22,11
jetbahis821.com,jetbahis,WEB,desktop,Macintosh,22,15
jetbahis813.com,jetbahis,WEB,desktop,Macintosh,19,11
jetbahis816.com,jetbahis,WEB,desktop,Macintosh,19,16
jetbahis804.com,jetbahis,WEB,tablet,Android,18,9
jetbahis811.com,jetbahis,WEB,desktop,Macintosh,17,10
jetbahis824.com,jetbahis,WEB,tablet,iOS,17,5
jetbahis802.com,jetbahis,WEB,desktop,Macintosh,17,13
jetbahis803.com,jetbahis,WEB,tablet,Android,16,9
jetbahis819.com,jetbahis,WEB,desktop,Macintosh,16,12
jetbahis823.com,jetbahis,WEB,tablet,Android,16,6
jetbahis817.com,jetbahis,WEB,desktop,Macintosh,16,10
jetbahis825.com,jetbahis,WEB,desktop,Macintosh,16,10
jetbahis806.com,jetbahis,WEB,desktop,Macintosh,15,12
jetbahis812.com,jetbahis,WEB,tablet,Android,15,7
jetbahis809.com,jetbahis,WEB,desktop,Macintosh,15,12
jetbahis818.com,jetbahis,WEB,desktop,Macintosh,14,10
jetbahis824.com,jetbahis,WEB,tablet,Android,13,6
jetbahis821.com,jetbahis,WEB,tablet,Android,11,5
jetbahis826.com,jetbahis,WEB,desktop,Macintosh,11,7
jetbahis807.com,jetbahis,WEB,desktop,Macintosh,10,8
jetbahis819.com,jetbahis,WEB,tablet,Android,10,5
jetbahis805.com,jetbahis,WEB,tablet,iOS,10,7
jetbahis812.com,jetbahis,WEB,desktop,Chrome OS,8,1
jetbahis814.com,jetbahis,WEB,tablet,iOS,8,2
jetbahis827.com,jetbahis,WEB,desktop,Windows,8,8
jetbahis808.com,jetbahis,WEB,tablet,Android,6,5
jetbahis807.com,jetbahis,WEB,tablet,iOS,6,6
jetbahis803.com,jetbahis,WEB,desktop,Chrome OS,6,2
jetbahis822.com,jetbahis,WEB,desktop,Chrome OS,6,2
jetbahis816.com,jetbahis,WEB,desktop,Chrome OS,6,1
jetbahis817.com,jetbahis,WEB,tablet,iOS,5,2
jetbahis818.com,jetbahis,WEB,tablet,Android,5,2
jetbahis809.com,jetbahis,WEB,tablet,Android,5,5
jetbahis816.com,jetbahis,WEB,tablet,iOS,5,2
jetbahis825.com,jetbahis,WEB,tablet,iOS,5,2
jetbahis808.com,jetbahis,WEB,tablet,iOS,5,4
jetbahis805.com,jetbahis,WEB,desktop,Chrome OS,5,2
jetbahis803.com,jetbahis,WEB,tablet,iOS,5,5
jetbahis821.com,jetbahis,WEB,desktop,Chrome OS,4,2
jetbahis817.com,jetbahis,WEB,tablet,Android,4,3
jetbahis825.com,jetbahis,WEB,tablet,Android,4,3
jetbahis804.com,jetbahis,WEB,desktop,Chrome OS,4,1
jetbahis802.com,jetbahis,WEB,tablet,Android,4,3
jetbahis810.com,jetbahis,WEB,tablet,iOS,4,4
jetbahis820.com,jetbahis,WEB,tablet,iOS,4,2
jetbahis819.com,jetbahis,WEB,desktop,Chrome OS,4,1
jetbahis820.com,jetbahis,WEB,desktop,Chrome OS,4,3
jetbahis824.com,jetbahis,WEB,desktop,Chrome OS,4,2
jetbahis822.com,jetbahis,WEB,tablet,iOS,4,3
jetbahis814.com,jetbahis,WEB,desktop,Chrome OS,3,2
jetbahis810.com,jetbahis,WEB,tablet,Android,3,3
jetbahis806.com,jetbahis,WEB,tablet,iOS,3,3
jetbahis804.com,jetbahis,WEB,tablet,iOS,3,3
jetbahis815.com,jetbahis,WEB,desktop,Chrome OS,3,1
jetbahis826.com,jetbahis,WEB,tablet,Android,3,3
jetbahis821.com,jetbahis,WEB,tablet,iOS,3,2
jetbahis823.com,jetbahis,WEB,desktop,Chrome OS,3,3
jetbahis817.com,jetbahis,WEB,desktop,Linux,3,1
jetbahis816.com,jetbahis,WEB,tablet,Android,3,3
jetbahis808.com,jetbahis,WEB,desktop,Chrome OS,3,2
jetbahis819.com,jetbahis,WEB,tablet,iOS,3,3
jetbahis823.com,jetbahis,WEB,tablet,iOS,2,2
jetbahis822.com,jetbahis,WEB,desktop,Linux,2,1
jetbahis813.com,jetbahis,WEB,tablet,Android,2,2
jetbahis821.com,jetbahis,WEB,desktop,Linux,2,2
jetbahis829.com,jetbahis,WEB,desktop,Windows,2,1
jetbahis810.com,jetbahis,WEB,desktop,Chrome OS,2,1
jetbahis812.com,jetbahis,WEB,desktop,Linux,2,2
jetbahis809.com,jetbahis,WEB,desktop,Chrome OS,2,1
jetbahis814.com,jetbahis,WEB,tablet,Android,2,2
jetbahis814.com,jetbahis,WEB,desktop,Linux,2,2
jetbahis817.com,jetbahis,WEB,desktop,Chrome OS,2,2
jetbahis807.com,jetbahis,WEB,desktop,Chrome OS,2,1
jetbahis808.com,jetbahis,WEB,desktop,Linux,2,2
jetbahis812.com,jetbahis,WEB,tablet,iOS,2,2
jetbahis811.com,jetbahis,WEB,tablet,Android,2,1
jetbahis824.com,jetbahis,WEB,desktop,Linux,1,1
jetbahis818.com,jetbahis,WEB,tablet,iOS,1,1
jetbahis826.com,jetbahis,WEB,tablet,iOS,1,1
jetbahis813.com,jetbahis,WEB,tablet,iOS,1,1
jetbahis803.com,jetbahis,WEB,smart tv,Android,1,1
jetbahis802.com,jetbahis,WEB,tablet,iOS,1,1
jetbahis825.com,jetbahis,WEB,desktop,Linux,1,1
jetbahis823.com,jetbahis,WEB,desktop,Linux,1,1
jetbahis805.com,jetbahis,WEB,desktop,Linux,1,1
jetbahis812.com,jetbahis,WEB,smart tv,Android,1,1
jetbahis813.com,jetbahis,WEB,desktop,Chrome OS,1,1
jetbahis806.com,jetbahis,WEB,desktop,Chrome OS,1,1
jetbahis816.com,jetbahis,WEB,desktop,Linux,1,1
jetbahis815.com,jetbahis,WEB,tablet,iOS,1,1
jetbahis807.com,jetbahis,WEB,desktop,Linux,0,0
jetbahis830.com,jetbahis,WEB,desktop,Windows,0,0
jetbahis827.com,,WEB,mobile,Android,0,0
jetbahis830.com,jetbahis,WEB,mobile,iOS,0,0
jetbahis831.com,,WEB,mobile,Android,0,0
jetbahis805.com,,WEB,mobile,iOS,0,0
jetbahis812.com,,WEB,mobile,Android,0,0
jetbahis828.com,jetbahis,WEB,mobile,Android,0,0
jetbahis830.com,jetbahis,WEB,desktop,Chrome OS,0,0
jetbahis818.com,jetbahis,WEB,desktop,Linux,0,0
jetbahis815.com,jetbahis,WEB,desktop,Linux,0,0
jetbahis819.com,jetbahis,WEB,smart tv,Android,0,0
jetbahis831.com,jetbahis,WEB,mobile,Android,0,0
jetbahis831.com,jetbahis,WEB,tablet,Android,0,0
jetbahis725.com,jetbahis,WEB,mobile,Android,0,0
jetbahis827.com,jetbahis,WEB,smart tv,Android,0,0
jetbahis827.com,jetbahis,WEB,tablet,Android,0,0
jetbahis825.com,,WEB,mobile,Android,0,0
jetbahis814.com,,WEB,mobile,Android,0,0
jetbahis829.com,jetbahis,WEB,mobile,iOS,0,0
jetbahis830.com,jetbahis,WEB,tablet,Android,0,0
jetbahis824.com,,WEB,mobile,Android,0,0
jetbahis828.com,jetbahis,WEB,desktop,Linux,0,0
jetbahis816.com,,WEB,mobile,iOS,0,0
jetbahis823.com,,WEB,mobile,Android,0,0
jetbahis830.com,jetbahis,WEB,desktop,Linux,0,0
jetbahis830.com,jetbahis,WEB,mobile,Android,0,0
jetbahis810.com,,WEB,mobile,iOS,0,0
jetbahis831.com,jetbahis,WEB,desktop,Windows,0,0
jetbahis802.com,jetbahis,WEB,desktop,Chrome OS,0,0
jetbahis819.com,jetbahis,WEB,desktop,Linux,0,0
jetbahis828.com,jetbahis,WEB,desktop,Windows,0,0
jetbahis823.com,,WEB,tablet,iOS,0,0
jetbahis804.com,,WEB,mobile,iOS,0,0
jetbahis830.com,jetbahis,WEB,tablet,iOS,0,0
jetbahis831.com,jetbahis,WEB,mobile,iOS,0,0
jetbahis828.com,jetbahis,WEB,desktop,Macintosh,0,0
jetbahis828.com,jetbahis,WEB,desktop,Chrome OS,0,0
jetbahis827.com,jetbahis,WEB,desktop,Macintosh,0,0
jetbahis829.com,jetbahis,WEB,desktop,Macintosh,0,0
jetbahis828.com,jetbahis,WEB,tablet,Android,0,0
jetbahis828.com,jetbahis,WEB,mobile,iOS,0,0
jetbahis827.com,jetbahis,WEB,desktop,Chrome OS,0,0
jetbahis808.com,,WEB,mobile,iOS,0,0
jetbahis830.com,jetbahis,WEB,desktop,Macintosh,0,0
jetbahis810.com,jetbahis,WEB,desktop,Linux,0,0
jetbahis831.com,jetbahis,WEB,tablet,iOS,0,0
jetbahis811.com,,WEB,mobile,Android,0,0
jetbahis819.com,,WEB,mobile,iOS,0,0
jetbahis831.com,jetbahis,WEB,desktop,Macintosh,0,0
jetbahis828.com,,WEB,mobile,Android,0,0
jetbahis807.com,jetbahis,WEB,tablet,Android,0,0
jetbahis829.com,jetbahis,WEB,tablet,Android,0,0
jetbahis829.com,jetbahis,WEB,desktop,Chrome OS,0,0
jetbahis818.com,jetbahis,WEB,desktop,Chrome OS,0,0
jetbahis819.com,jetbahis,WEB,desktop,Android,0,0
jetbahis829.com,,WEB,mobile,Android,0,0
jetbahis828.com,jetbahis,WEB,tablet,iOS,0,0
jetbahis829.com,jetbahis,WEB,mobile,Android,0,0