host,brand,lobby_path_variant,operating_system,sessions,users
jetbahis805.com,jetbahis,tr/casino,Android,7620,2692
jetbahis822.com,jetbahis,tr/casino,Android,6277,1692
jetbahis820.com,jetbahis,tr/casino,Android,5894,1708
jetbahis812.com,jetbahis,tr/casino,Android,5220,1675
jetbahis824.com,jetbahis,tr/casino,Android,5043,1600
jetbahis803.com,jetbahis,tr/casino,Android,5023,2094
jetbahis805.com,jetbahis,tr/casino,iOS,4884,1392
jetbahis808.com,jetbahis,tr/casino,Android,4813,1724
jetbahis822.com,jetbahis,tr/casino,iOS,3837,980
jetbahis814.com,jetbahis,tr/casino,Android,3766,1317
jetbahis820.com,jetbahis,tr/casino,iOS,3719,988
jetbahis812.com,jetbahis,tr/casino,iOS,3607,1025
jetbahis804.com,jetbahis,tr/casino,Android,3550,1577
jetbahis808.com,jetbahis,tr/casino,iOS,3309,1037
jetbahis824.com,jetbahis,tr/casino,iOS,3090,899
jetbahis803.com,jetbahis,tr/casino,iOS,2787,1095
jetbahis823.com,jetbahis,tr/casino,Android,2782,1055
jetbahis814.com,jetbahis,tr/casino,iOS,2639,823
jetbahis816.com,jetbahis,tr/casino,Android,2371,927
jetbahis815.com,jetbahis,tr/casino,Android,2313,982
jetbahis804.com,jetbahis,tr/casino,iOS,2157,850
jetbahis810.com,jetbahis,tr/casino,Android,1907,893
jetbahis802.com,jetbahis,tr/casino,Android,1905,1217
jetbahis813.com,jetbahis,tr/casino,Android,1773,859
jetbahis821.com,jetbahis,tr/casino,Android,1768,765
jetbahis819.com,jetbahis,tr/casino,Android,1763,822
jetbahis825.com,jetbahis,tr/casino,Android,1741,894
jetbahis823.com,jetbahis,tr/casino,iOS,1679,608
jetbahis816.com,jetbahis,tr/casino,iOS,1615,587
jetbahis815.com,jetbahis,tr/casino,iOS,1594,614
jetbahis817.com,jetbahis,tr/casino,Android,1527,738
jetbahis806.com,jetbahis,tr/casino,Android,1414,823
jetbahis811.com,jetbahis,tr/casino,Android,1392,741
jetbahis813.com,jetbahis,tr/casino,iOS,1296,571
jetbahis810.com,jetbahis,tr/casino,iOS,1278,549
jetbahis807.com,jetbahis,tr/casino,Android,1272,731
jetbahis818.com,jetbahis,tr/casino,Android,1158,588
jetbahis819.com,jetbahis,tr/casino,iOS,1133,496
jetbahis826.com,jetbahis,tr/casino,Android,1114,665
jetbahis825.com,jetbahis,tr/casino,iOS,1067,512
jetbahis817.com,jetbahis,tr/casino,iOS,1064,472
jetbahis821.com,jetbahis,tr/casino,iOS,1042,449
jetbahis809.com,jetbahis,tr/casino,Android,1028,685
jetbahis802.com,jetbahis,tr/casino,iOS,994,654
jetbahis807.com,jetbahis,tr/casino,iOS,951,506
jetbahis811.com,jetbahis,tr/casino,iOS,929,468
jetbahis806.com,jetbahis,tr/casino,iOS,921,523
jetbahis826.com,jetbahis,tr/casino,iOS,738,407
jetbahis818.com,jetbahis,tr/casino,iOS,729,372
jetbahis809.com,jetbahis,tr/casino,iOS,715,473
jetbahis827.com,jetbahis,tr/casino,Android,69,65
jetbahis827.com,jetbahis,tr/casino,iOS,35,34
jetbahis805.com,jetbahis,casino,Android,29,9
jetbahis820.com,jetbahis,casino,Android,27,8
jetbahis808.com,jetbahis,casino,Android,20,5
jetbahis822.com,jetbahis,casino,Android,18,2
jetbahis812.com,jetbahis,casino,Android,17,4
jetbahis814.com,jetbahis,casino,Android,13,3
jetbahis824.com,jetbahis,casino,Android,11,4
jetbahis804.com,jetbahis,casino,Android,11,8
jetbahis803.com,jetbahis,casino,Android,10,6
jetbahis816.com,jetbahis,casino,Android,7,4
jetbahis807.com,jetbahis,casino,Android,6,2
jetbahis810.com,jetbahis,casino,Android,6,1
jetbahis823.com,jetbahis,casino,Android,5,3
jetbahis819.com,jetbahis,casino,Android,5,2
jetbahis815.com,jetbahis,casino,Android,5,2
jetbahis825.com,jetbahis,casino,Android,5,4
jetbahis817.com,jetbahis,casino,Android,4,3
jetbahis821.com,jetbahis,casino,Android,4,1
jetbahis824.com,jetbahis,casino,iOS,4,1
jetbahis811.com,jetbahis,casino,Android,4,3
jetbahis805.com,jetbahis,casino,iOS,3,3
jetbahis813.com,jetbahis,casino,Android,3,2
jetbahis806.com,jetbahis,casino,Android,2,2
jetbahis803.com,jetbahis,casino,iOS,2,2
jetbahis802.com,jetbahis,casino,iOS,2,2
jetbahis812.com,jetbahis,casino,iOS,2,1
jetbahis802.com,jetbahis,casino,Android,2,2
jetbahis818.com,jetbahis,casino,iOS,2,1
jetbahis818.com,jetbahis,casino,Android,2,2
jetbahis823.com,jetbahis,casino,iOS,2,2
jetbahis804.com,jetbahis,casino,iOS,2,2
jetbahis819.com,jetbahis,casino,iOS,1,1
jetbahis817.com,jetbahis,casino,iOS,1,1
jetbahis813.com,jetbahis,casino,iOS,1,1
jetbahis809.com,jetbahis,casino,Android,1,1
jetbahis822.com,jetbahis,casino,iOS,1,1
jetbahis820.com,jetbahis,casino,iOS,1,1
jetbahis821.com,jetbahis,casino,iOS,1,1
jetbahis814.com,jetbahis,casino,iOS,1,1
jetbahis823.com,,tr/casino,iOS,0,0
jetbahis808.com,,tr/casino,iOS,0,0
jetbahis810.com,jetbahis,casino,iOS,0,0
jetbahis828.com,,tr/casino,Android,0,0
jetbahis829.com,jetbahis,casino,Android,0,0
jetbahis819.com,,tr/casino,iOS,0,0
jetbahis805.com,,tr/casino,iOS,0,0
jetbahis831.com,jetbahis,tr/casino,Android,0,0
jetbahis816.com,,tr/casino,iOS,0,0
jetbahis827.com,,tr/casino,Android,0,0
jetbahis830.com,jetbahis,tr/casino,iOS,0,0
jetbahis829.com,jetbahis,tr/casino,Android,0,0
jetbahis823.com,,tr/casino,Android,0,0
jetbahis825.com,,tr/casino,Android,0,0
jetbahis828.com,jetbahis,casino,Android,0,0
jetbahis831.com,jetbahis,casino,Android,0,0
jetbahis804.com,,tr/casino,iOS,0,0
jetbahis828.com,jetbahis,tr/casino,Android,0,0
jetbahis829.com,jetbahis,casino,iOS,0,0
jetbahis828.com,jetbahis,casino,iOS,0,0
jetbahis830.com,jetbahis,casino,Android,0,0
jetbahis831.com,jetbahis,tr/casino,iOS,0,0
jetbahis831.com,,tr/casino,Android,0,0
jetbahis812.com,,tr/casino,Android,0,0
jetbahis830.com,jetbahis,casino,iOS,0,0
jetbahis829.com,,tr/casino,Android,0,0
jetbahis831.com,jetbahis,casino,iOS,0,0
jetbahis828.com,jetbahis,tr/casino,iOS,0,0
jetbahis725.com,jetbahis,tr/casino,Android,0,0
jetbahis814.com,,tr/casino,Android,0,0
jetbahis824.com,,tr/casino,Android,0,0
jetbahis829.com,jetbahis,tr/casino,iOS,0,0
jetbahis830.com,jetbahis,tr/casino,Android,0,0
jetbahis810.com,,tr/casino,iOS,0,0
jetbahis811.com,,tr/casino,Android,0,0